role,description
AI Engineer,Python machine learning deep learning NLP transformers computer vision neural networks AI systems
ML Engineer,Python machine learning scikit-learn feature engineering model building deployment
Data Scientist,Python pandas numpy statistics data analysis visualization predictive modeling
Backend Developer,Python Django Flask APIs SQL backend systems authentication REST APIs
Full Stack Developer,React Node.js MongoDB frontend backend MERN stack UI APIs
Frontend Developer,HTML CSS JavaScript React UI UX responsive interfaces
DevOps Engineer,Docker Kubernetes CI CD AWS Azure cloud deployment infrastructure automation
Cloud Engineer,AWS Azure cloud infrastructure networking distributed systems deployment
Cybersecurity Analyst,network security ethical hacking penetration testing vulnerability analysis
Mobile Developer,Flutter Android iOS mobile apps API integration UI development
Data Analyst,Excel SQL Tableau Power BI dashboards reporting visualization analytics
Software Engineer,Java Python C++ system design algorithms data structures development
AI Researcher,deep learning transformers AI research experimentation models
NLP Engineer,Python NLP transformers BERT language models chatbot systems
Computer Vision Engineer,OpenCV CNN image processing object detection segmentation deep learning
Big Data Engineer,Hadoop Spark data pipelines distributed systems ETL processing
Game Developer,Unity C# game engines physics rendering interactive systems
Embedded Engineer,C microcontrollers IoT real-time systems programming
Blockchain Developer,Solidity Ethereum smart contracts Web3 decentralized applications
AR VR Developer,Unity Unreal augmented reality virtual reality 3D environments
QA Engineer,testing automation selenium debugging quality assurance software testing
System Administrator,linux servers networking monitoring deployment maintenance
Database Administrator,SQL indexing optimization performance tuning backup recovery
Product Manager,product strategy roadmap agile stakeholder management market analysis
UI UX Designer,figma adobe xd wireframes prototyping user experience design